Time,minute,second,Dt,Day,Month,Illuminance,Temp,Human detection,Fan ,light state
0,1,0,1,1,1,0,20,1,2,0
1,1,0,1,1,1,0,19,1,2,0
2,1,0,1,1,1,0,17,1,2,0
3,1,0,1,1,1,0,16,1,2,0
4,1,0,1,1,1,0,14,1,2,0
5,1,0,1,1,1,0,15,1,2,0
6,1,0,1,1,1,0,17,1,3,1
7,1,0,1,1,1,0,21,1,0,1
8,1,0,1,1,1,1,22,1,0,1
9,1,0,1,1,1,1,24,0,0,0
10,1,0,1,1,1,1,24,0,0,0
11,1,0,1,1,1,1,25,0,0,0
12,1,0,1,1,1,1,25,0,0,0
13,1,0,1,1,1,1,27,0,0,0
14,1,0,1,1,1,1,28,0,0,0
15,1,0,1,1,1,1,29,1,4,0
16,1,0,1,1,1,1,29,1,4,0
17,1,0,1,1,1,0,25,0,0,0
18,1,0,1,1,1,0,23,0,0,1
19,1,0,1,1,1,0,23,1,2,1
20,1,0,1,1,1,0,22,1,2,1
21,1,0,1,1,1,0,22,1,3,1
22,1,0,1,1,1,0,21,1,3,1
23,1,0,1,1,1,0,20,1,2,1
0,1,0,2,2,1,0,20,1,2,0
1,1,0,2,2,1,0,19,1,1,0
2,1,0,2,2,1,0,18,1,1,0
3,1,0,2,2,1,0,17,1,1,0
4,1,0,2,2,1,0,16,1,1,0
5,1,0,2,2,1,0,15,1,1,0
6,1,0,2,2,1,0,17,1,0,1
7,1,0,2,2,1,0,19,1,0,1
8,1,0,2,2,1,1,19,1,0,1
9,1,0,2,2,1,1,21,0,0,0
10,1,0,2,2,1,1,23,0,0,0
11,1,0,2,2,1,1,24,0,0,0
12,1,0,2,2,1,1,24,0,0,0
13,1,0,2,2,1,1,26,0,0,0
14,1,0,2,2,1,1,26,0,0,0
15,1,0,2,2,1,1,25,1,4,0
16,1,0,2,2,1,1,26,1,4,0
17,1,0,2,2,1,0,26,0,0,0
18,1,0,2,2,1,0,22,0,0,1
19,1,0,2,2,1,0,22,1,3,1
20,1,0,2,2,1,0,21,1,3,1
21,1,0,2,2,1,0,21,1,2,1
22,1,0,2,2,1,0,20,1,2,1
23,1,0,2,2,1,0,19,1,2,1
0,1,0,3,3,1,0,19,1,1,0
1,1,0,3,3,1,0,19,1,1,0
2,1,0,3,3,1,0,17,1,1,0
3,1,0,3,3,1,0,15,1,1,0
4,1,0,3,3,1,0,14,1,1,0
5,1,0,3,3,1,0,16,1,1,0
6,1,0,3,3,1,0,16,1,0,1
7,1,0,3,3,1,0,18,1,0,1
8,1,0,3,3,1,1,19,1,0,1
9,1,0,3,3,1,1,21,0,0,0
10,1,0,3,3,1,1,22,0,0,0
11,1,0,3,3,1,1,24,0,0,0
12,1,0,3,3,1,1,24,0,0,0
13,1,0,3,3,1,1,25,0,0,0
14,1,0,3,3,1,1,25,0,0,0
15,1,0,3,3,1,1,25,1,3,0
16,1,0,3,3,1,1,24,1,3,0
17,1,0,3,3,1,0,23,0,0,0
18,1,0,3,3,1,0,23,0,0,1
19,1,0,3,3,1,0,22,1,2,1
20,1,0,3,3,1,0,23,1,2,1
21,1,0,3,3,1,0,22,1,2,1
22,1,0,3,3,1,0,20,1,2,1
23,1,0,3,3,1,0,19,1,2,1
0,1,0,4,4,1,0,19,1,1,0
1,1,0,4,4,1,0,17,1,1,0
2,1,0,4,4,1,0,17,1,1,0
3,1,0,4,4,1,0,16,1,1,0
4,1,0,4,4,1,0,14,1,1,0
5,1,0,4,4,1,0,14,1,0,0
6,1,0,4,4,1,0,17,1,0,1
7,1,0,4,4,1,0,19,1,0,1
8,1,0,4,4,1,1,20,1,0,1
9,1,0,4,4,1,1,20,0,0,0
10,1,0,4,4,1,1,22,0,0,0
11,1,0,4,4,1,1,24,0,0,0
12,1,0,4,4,1,1,24,0,0,0
13,1,0,4,4,1,1,24,0,0,0
14,1,0,4,4,1,1,26,0,0,0
15,1,0,4,4,1,1,26,1,3,0
16,1,0,4,4,1,1,27,1,3,0
17,1,0,4,4,1,0,27,0,0,0
18,1,0,4,4,1,0,24,0,3,1
19,1,0,4,4,1,0,24,1,3,1
20,1,0,4,4,1,0,23,1,3,1
21,1,0,4,4,1,0,23,1,3,1
22,1,0,4,4,1,0,21,1,2,1
23,1,0,4,4,1,0,20,1,2,1
0,1,0,5,5,1,0,19,1,2,0
1,1,0,5,5,1,0,18,1,2,0
2,1,0,5,5,1,0,17,1,2,0
3,1,0,5,5,1,0,17,1,2,0
4,1,0,5,5,1,0,16,1,2,0
5,1,0,5,5,1,0,16,1,2,0
6,1,0,5,5,1,0,18,1,0,1
7,1,0,5,5,1,0,19,1,0,1
8,1,0,5,5,1,1,21,1,0,1
9,1,0,5,5,1,1,23,0,0,0
10,1,0,5,5,1,1,24,0,0,0
11,1,0,5,5,1,1,24,0,0,0
12,1,0,5,5,1,1,25,0,0,0
13,1,0,5,5,1,1,25,0,0,0
14,1,0,5,5,1,1,26,0,0,0
15,1,0,5,5,1,1,26,1,4,0
16,1,0,5,5,1,1,26,1,4,0
17,1,0,5,5,1,0,25,0,0,0
18,1,0,5,5,1,0,24,0,0,1
19,1,0,5,5,1,0,23,1,3,1
20,1,0,5,5,1,0,22,1,3,1
21,1,0,5,5,1,0,21,1,2,1
22,1,0,5,5,1,0,20,1,2,1
23,1,0,5,5,1,0,19,1,0,1
0,1,0,6,6,1,0,20,1,1,0
1,1,0,6,6,1,0,19,1,1,0
2,1,0,6,6,1,0,18,1,1,0
3,1,0,6,6,1,0,16,1,1,0
4,1,0,6,6,1,0,16,1,1,0
5,1,0,6,6,1,0,17,1,1,0
6,1,0,6,6,1,0,19,1,1,1
7,1,0,6,6,1,0,19,1,0,1
8,1,0,6,6,1,1,21,1,0,1
9,1,0,6,6,1,1,22,0,0,0
10,1,0,6,6,1,1,24,0,0,0
11,1,0,6,6,1,1,24,0,0,0
12,1,0,6,6,1,1,26,0,0,0
13,1,0,6,6,1,1,27,0,0,0
14,1,0,6,6,1,1,28,0,0,0
15,1,0,6,6,1,1,28,1,4,0
16,1,0,6,6,1,1,27,1,4,0
17,1,0,6,6,1,0,26,0,0,0
18,1,0,6,6,1,0,25,0,0,1
19,1,0,6,6,1,0,23,1,3,1
20,1,0,6,6,1,0,22,1,3,1
21,1,0,6,6,1,0,21,1,2,1
22,1,0,6,6,1,0,21,1,2,1
23,1,0,6,6,1,0,21,1,2,1
0,1,0,7,7,1,0,20,1,2,0
1,1,0,7,7,1,0,20,1,2,0
2,1,0,7,7,1,0,19,1,2,0
3,1,0,7,7,1,0,17,1,2,0
4,1,0,7,7,1,0,15,1,2,0
5,1,0,7,7,1,0,17,1,2,0
6,1,0,7,7,1,0,18,1,0,1
7,1,0,7,7,1,0,19,1,0,1
8,1,0,7,7,1,1,20,1,0,1
9,1,0,7,7,1,1,21,0,0,0
10,1,0,7,7,1,1,24,0,0,0
11,1,0,7,7,1,1,25,0,3,0
12,1,0,7,7,1,1,25,0,0,0
13,1,0,7,7,1,1,27,0,0,0
14,1,0,7,7,1,1,28,0,0,0
15,1,0,7,7,1,1,28,1,4,0
16,1,0,7,7,1,1,27,1,4,0
17,1,0,7,7,1,0,26,0,0,0
18,1,0,7,7,1,0,25,0,0,1
19,1,0,7,7,1,0,25,1,3,1
20,1,0,7,7,1,0,23,1,3,1
21,1,0,7,7,1,0,22,1,3,1
22,1,0,7,7,1,0,21,1,3,1
23,1,0,7,7,1,0,20,1,3,1
0,1,0,8,1,1,0,20,1,3,0
1,1,0,8,1,1,0,19,1,2,0
2,1,0,8,1,1,0,18,1,2,0
3,1,0,8,1,1,0,17,1,2,0
4,1,0,8,1,1,0,16,1,2,0
5,1,0,8,1,1,0,15,1,0,0
6,1,0,8,1,1,0,15,1,0,1
7,1,0,8,1,1,0,17,1,0,1
8,1,0,8,1,1,1,19,1,0,1
9,1,0,8,1,1,1,21,0,0,0
10,1,0,8,1,1,1,22,0,0,0
11,1,0,8,1,1,1,24,0,0,0
12,1,0,8,1,1,1,26,0,0,0
13,1,0,8,1,1,1,27,0,0,0
14,1,0,8,1,1,1,28,0,0,0
15,1,0,8,1,1,1,29,1,4,0
16,1,0,8,1,1,1,28,1,4,0
17,1,0,8,1,1,0,27,0,0,0
18,1,0,8,1,1,0,26,0,0,1
19,1,0,8,1,1,0,25,1,3,1
20,1,0,8,1,1,0,25,1,3,1
21,1,0,8,1,1,0,23,1,3,1
22,1,0,8,1,1,0,21,1,3,1
23,1,0,8,1,1,0,21,1,2,1
0,1,0,9,2,1,0,19,1,2,0
1,1,0,9,2,1,0,17,1,2,0
2,1,0,9,2,1,0,17,1,2,0
3,1,0,9,2,1,0,15,1,2,0
4,1,0,9,2,1,0,14,1,2,0
5,1,0,9,2,1,0,16,1,2,0
6,1,0,9,2,1,0,17,1,0,1
7,1,0,9,2,1,0,18,1,0,1
8,1,0,9,2,1,1,19,1,0,1
9,1,0,9,2,1,1,20,0,0,0
10,1,0,9,2,1,1,22,0,0,0
11,1,0,9,2,1,1,24,0,0,0
12,1,0,9,2,1,1,26,0,0,0
13,1,0,9,2,1,1,27,0,0,0
14,1,0,9,2,1,1,29,0,0,0
15,1,0,9,2,1,1,30,1,4,0
16,1,0,9,2,1,1,29,1,4,0
17,1,0,9,2,1,0,28,0,0,0
18,1,0,9,2,1,0,27,0,0,1
19,1,0,9,2,1,0,26,1,4,1
20,1,0,9,2,1,0,23,1,4,1
21,1,0,9,2,1,0,22,1,3,1
22,1,0,9,2,1,0,21,1,3,1
23,1,0,9,2,1,0,19,1,2,1
0,1,0,10,3,1,0,18,1,2,0
1,1,0,10,3,1,0,18,1,2,0
2,1,0,10,3,1,0,15,1,2,0
3,1,0,10,3,1,0,14,1,2,0
4,1,0,10,3,1,0,14,1,2,0
5,1,0,10,3,1,0,17,1,2,0
6,1,0,10,3,1,0,18,1,0,1
7,1,0,10,3,1,0,19,1,0,1
8,1,0,10,3,1,1,20,1,0,1
9,1,0,10,3,1,1,21,0,0,0
10,1,0,10,3,1,1,22,0,0,0
11,1,0,10,3,1,1,23,0,0,0
12,1,0,10,3,1,1,26,0,0,0
13,1,0,10,3,1,1,27,0,0,0
14,1,0,10,3,1,1,28,0,0,0
15,1,0,10,3,1,1,29,1,4,0
16,1,0,10,3,1,1,26,1,4,0
17,1,0,10,3,1,0,27,0,0,0
18,1,0,10,3,1,0,26,0,0,1
19,1,0,10,3,1,0,25,1,3,1
20,1,0,10,3,1,0,24,1,3,1
21,1,0,10,3,1,0,22,1,3,1
22,1,0,10,3,1,0,20,1,3,1
23,1,0,10,3,1,0,20,1,2,1
0,1,0,11,4,1,0,19,1,2,0
1,1,0,11,4,1,0,18,1,2,0
2,1,0,11,4,1,0,17,1,2,0
3,1,0,11,4,1,0,15,1,2,0
4,1,0,11,4,1,0,16,1,2,0
5,1,0,11,4,1,0,17,1,2,0
6,1,0,11,4,1,0,18,1,0,1
7,1,0,11,4,1,0,19,1,0,1
8,1,0,11,4,1,1,20,1,0,1
9,1,0,11,4,1,1,21,0,0,0
10,1,0,11,4,1,1,22,0,0,0
11,1,0,11,4,1,1,23,0,0,0
12,1,0,11,4,1,1,24,0,0,0
13,1,0,11,4,1,1,26,0,0,0
14,1,0,11,4,1,1,26,0,0,0
15,1,0,11,4,1,1,27,1,4,0
16,1,0,11,4,1,1,24,1,4,0
17,1,0,11,4,1,0,24,0,0,0
18,1,0,11,4,1,0,23,0,0,1
19,1,0,11,4,1,0,22,1,3,1
20,1,0,11,4,1,0,21,1,2,1
21,1,0,11,4,1,0,21,1,2,1
22,1,0,11,4,1,0,20,1,2,1
23,1,0,11,4,1,0,20,1,2,1
0,1,0,12,5,1,0,19,1,2,0
1,1,0,12,5,1,0,19,1,2,0
2,1,0,12,5,1,0,18,1,2,0
3,1,0,12,5,1,0,18,1,2,0
4,1,0,12,5,1,0,17,1,2,0
5,1,0,12,5,1,0,18,1,2,0
6,1,0,12,5,1,0,19,1,0,1
7,1,0,12,5,1,0,20,1,0,1
8,1,0,12,5,1,1,20,1,0,1
9,1,0,12,5,1,1,22,0,0,0
10,1,0,12,5,1,1,23,0,0,0
11,1,0,12,5,1,1,25,0,0,0
12,1,0,12,5,1,1,26,0,0,0
13,1,0,12,5,1,1,27,0,0,0
14,1,0,12,5,1,1,27,0,0,0
15,1,0,12,5,1,1,28,1,3,0
16,1,0,12,5,1,1,27,1,4,0
17,1,0,12,5,1,0,25,0,0,0
18,1,0,12,5,1,0,24,0,0,1
19,1,0,12,5,1,0,23,1,0,1
20,1,0,12,5,1,0,23,1,3,1
21,1,0,12,5,1,0,22,1,3,1
22,1,0,12,5,1,0,21,1,0,1
23,1,0,12,5,1,0,20,1,3,1
0,1,0,13,6,1,0,20,1,3,0
1,1,0,13,6,1,0,19,1,2,0
2,1,0,13,6,1,0,17,1,2,0
3,1,0,13,6,1,0,17,1,2,0
4,1,0,13,6,1,0,16,1,2,0
5,1,0,13,6,1,0,17,1,2,0
6,1,0,13,6,1,0,19,1,0,1
7,1,0,13,6,1,0,20,1,0,1
8,1,0,13,6,1,1,22,1,0,1
9,1,0,13,6,1,1,23,0,0,0
10,1,0,13,6,1,1,25,0,0,0
11,1,0,13,6,1,1,27,0,0,0
12,1,0,13,6,1,1,27,0,0,0
13,1,0,13,6,1,1,29,0,0,0
14,1,0,13,6,1,1,31,0,0,0
15,1,0,13,6,1,1,32,1,4,0
16,1,0,13,6,1,1,30,1,4,0
17,1,0,13,6,1,0,29,0,0,0
18,1,0,13,6,1,0,28,0,0,1
19,1,0,13,6,1,0,27,1,0,1
20,1,0,13,6,1,0,26,1,3,1
21,1,0,13,6,1,0,25,1,3,1
22,1,0,13,6,1,0,24,1,3,1
23,1,0,13,6,1,0,22,1,3,1
0,1,0,14,7,1,0,20,1,2,0
1,1,0,14,7,1,0,19,1,2,0
2,1,0,14,7,1,0,18,1,2,0
3,1,0,14,7,1,0,17,1,2,0
4,1,0,14,7,1,0,16,1,2,0
5,1,0,14,7,1,0,17,1,2,0
6,1,0,14,7,1,0,18,1,2,1
7,1,0,14,7,1,0,19,1,0,1
8,1,0,14,7,1,1,20,1,0,1
9,1,0,14,7,1,1,21,0,0,0
10,1,0,14,7,1,1,22,0,0,0
11,1,0,14,7,1,1,22,0,0,0
12,1,0,14,7,1,1,25,0,0,0
13,1,0,14,7,1,1,25,0,0,0
14,1,0,14,7,1,1,27,0,0,0
15,1,0,14,7,1,1,28,1,4,0
16,1,0,14,7,1,1,27,1,4,0
17,1,0,14,7,1,0,25,0,0,0
18,1,0,14,7,1,0,25,0,0,1
19,1,0,14,7,1,0,23,1,3,1
20,1,0,14,7,1,0,21,1,3,1
21,1,0,14,7,1,0,19,1,3,1
22,1,0,14,7,1,0,17,1,2,1
23,1,0,14,7,1,0,16,1,2,1
0,1,0,15,1,1,0,15,1,2,0
1,1,0,15,1,1,0,16,1,2,0
2,1,0,15,1,1,0,14,1,2,0
3,1,0,15,1,1,0,13,1,2,0
4,1,0,15,1,1,0,13,1,2,0
5,1,0,15,1,1,0,15,1,2,0
6,1,0,15,1,1,0,16,1,2,1
7,1,0,15,1,1,0,17,1,0,1
8,1,0,15,1,1,1,19,1,0,1
9,1,0,15,1,1,1,22,0,0,0
10,1,0,15,1,1,1,24,0,0,0
11,1,0,15,1,1,1,25,0,0,0
12,1,0,15,1,1,1,25,0,0,0
13,1,0,15,1,1,1,27,0,0,0
14,1,0,15,1,1,1,28,0,0,0
15,1,0,15,1,1,1,27,1,4,0
16,1,0,15,1,1,1,25,1,4,0
17,1,0,15,1,1,0,25,0,0,0
18,1,0,15,1,1,0,24,0,0,1
19,1,0,15,1,1,0,21,1,0,1
20,1,0,15,1,1,0,21,1,3,1
21,1,0,15,1,1,0,19,1,3,1
22,1,0,15,1,1,0,17,1,2,1
23,1,0,15,1,1,0,17,1,2,1
0,1,0,16,2,1,0,14,1,2,0
1,1,0,16,2,1,0,15,1,0,0
2,1,0,16,2,1,0,13,1,0,0
3,1,0,16,2,1,0,12,1,0,0
4,1,0,16,2,1,0,12,1,0,0
5,1,0,16,2,1,0,14,1,0,0
6,1,0,16,2,1,0,14,1,0,1
7,1,0,16,2,1,0,16,1,0,1
8,1,0,16,2,1,1,17,1,0,1
9,1,0,16,2,1,1,19,0,0,0
10,1,0,16,2,1,1,19,0,0,0
11,1,0,16,2,1,1,19,0,0,0
12,1,0,16,2,1,1,22,0,0,0
13,1,0,16,2,1,1,24,0,0,0
14,1,0,16,2,1,1,27,0,0,0
15,1,0,16,2,1,1,25,1,4,0
16,1,0,16,2,1,1,24,1,4,0
17,1,0,16,2,1,0,22,0,4,0
18,1,0,16,2,1,0,21,0,0,1
19,1,0,16,2,1,0,19,1,0,1
20,1,0,16,2,1,0,19,1,2,1
21,1,0,16,2,1,0,18,1,2,1
22,1,0,16,2,1,0,15,1,2,1
23,1,0,16,2,1,0,14,1,2,1
0,1,0,17,3,1,0,13,1,0,0
1,1,0,17,3,1,0,12,1,0,0
2,1,0,17,3,1,0,13,1,0,0
3,1,0,17,3,1,0,15,1,0,0
4,1,0,17,3,1,0,14,1,0,0
5,1,0,17,3,1,0,15,1,0,0
6,1,0,17,3,1,0,17,1,0,1
7,1,0,17,3,1,0,20,1,0,1
8,1,0,17,3,1,1,22,1,0,1
9,1,0,17,3,1,1,21,0,0,0
10,1,0,17,3,1,1,24,0,0,0
11,1,0,17,3,1,1,26,0,0,0
12,1,0,17,3,1,1,26,0,0,0
13,1,0,17,3,1,1,27,0,0,0
14,1,0,17,3,1,1,28,0,0,0
15,1,0,17,3,1,1,26,1,4,0
16,1,0,17,3,1,1,24,1,4,0
17,1,0,17,3,1,0,23,0,0,0
18,1,0,17,3,1,0,21,0,0,1
19,1,0,17,3,1,0,19,1,3,1
20,1,0,17,3,1,0,17,1,2,1
21,1,0,17,3,1,0,18,1,2,1
22,1,0,17,3,1,0,15,1,1,1
23,1,0,17,3,1,0,15,1,1,1
0,1,0,18,4,1,0,15,1,1,0
1,1,0,18,4,1,0,16,1,1,0
2,1,0,18,4,1,0,14,1,1,0
3,1,0,18,4,1,0,13,1,1,0
4,1,0,18,4,1,0,13,1,1,0
5,1,0,18,4,1,0,15,1,1,0
6,1,0,18,4,1,0,16,1,1,1
7,1,0,18,4,1,0,17,1,1,1
8,1,0,18,4,1,1,19,1,0,1
9,1,0,18,4,1,1,22,0,0,0
10,1,0,18,4,1,1,24,0,0,0
11,1,0,18,4,1,1,25,0,0,0
12,1,0,18,4,1,1,25,0,0,0
13,1,0,18,4,1,1,27,0,0,0
14,1,0,18,4,1,1,28,0,0,0
15,1,0,18,4,1,1,27,1,4,0
16,1,0,18,4,1,1,25,1,3,0
17,1,0,18,4,1,0,25,0,0,0
18,1,0,18,4,1,0,24,0,0,1
19,1,0,18,4,1,0,21,1,3,1
20,1,0,18,4,1,0,21,1,2,1
21,1,0,18,4,1,0,19,1,2,1
22,1,0,18,4,1,0,17,1,0,1
23,1,0,18,4,1,0,17,1,2,1
0,1,0,19,5,1,0,16,1,2,0
1,1,0,19,5,1,0,15,1,1,0
2,1,0,19,5,1,0,14,1,1,0
3,1,0,19,5,1,0,14,1,1,0
4,1,0,19,5,1,0,13,1,1,0
5,1,0,19,5,1,0,14,1,1,0
6,1,0,19,5,1,0,15,1,1,1
7,1,0,19,5,1,0,15,1,0,1
8,1,0,19,5,1,1,17,1,0,1
9,1,0,19,5,1,1,19,0,0,0
10,1,0,19,5,1,1,19,0,0,0
11,1,0,19,5,1,1,21,0,0,0
12,1,0,19,5,1,1,22,0,0,0
13,1,0,19,5,1,1,23,0,0,0
14,1,0,19,5,1,1,25,0,0,0
15,1,0,19,5,1,1,26,1,4,0
16,1,0,19,5,1,1,23,1,4,0
17,1,0,19,5,1,0,21,0,0,0
18,1,0,19,5,1,0,20,0,0,1
19,1,0,19,5,1,0,18,1,2,1
20,1,0,19,5,1,0,17,1,2,1
21,1,0,19,5,1,0,17,1,2,1
22,1,0,19,5,1,0,16,1,2,1
23,1,0,19,5,1,0,13,1,1,1
0,1,0,20,6,1,0,12,1,1,0
1,1,0,20,6,1,0,12,1,0,0
2,1,0,20,6,1,0,10,1,0,0
3,1,0,20,6,1,0,11,1,0,0
4,1,0,20,6,1,0,13,1,0,0
5,1,0,20,6,1,0,14,1,0,0
6,1,0,20,6,1,0,16,1,0,1
7,1,0,20,6,1,0,18,1,0,1
8,1,0,20,6,1,1,19,1,0,1
9,1,0,20,6,1,1,21,0,0,0
10,1,0,20,6,1,1,21,0,0,0
11,1,0,20,6,1,1,24,0,0,0
12,1,0,20,6,1,1,25,0,0,0
13,1,0,20,6,1,1,24,0,0,0
14,1,0,20,6,1,1,25,0,0,0
15,1,0,20,6,1,1,25,1,4,0
16,1,0,20,6,1,1,22,1,4,0
17,1,0,20,6,1,0,21,0,0,0
18,1,0,20,6,1,0,20,0,0,1
19,1,0,20,6,1,0,20,1,0,1
20,1,0,20,6,1,0,18,1,2,1
21,1,0,20,6,1,0,17,1,1,1
22,1,0,20,6,1,0,17,1,1,1
23,1,0,20,6,1,0,16,1,1,1
0,1,0,21,7,1,0,15,1,1,0
1,1,0,21,7,1,0,15,1,1,0
2,1,0,21,7,1,0,15,1,1,0
3,1,0,21,7,1,0,17,1,1,0
4,1,0,21,7,1,0,18,1,1,0
5,1,0,21,7,1,0,18,1,1,0
6,1,0,21,7,1,0,21,1,0,1
7,1,0,21,7,1,0,22,1,0,1
8,1,0,21,7,1,1,22,1,0,1
9,1,0,21,7,1,1,23,0,0,0
10,1,0,21,7,1,1,24,0,0,0
11,1,0,21,7,1,1,23,0,0,0
12,1,0,21,7,1,1,26,0,0,0
13,1,0,21,7,1,1,26,0,0,0
14,1,0,21,7,1,1,28,0,0,0
15,1,0,21,7,1,1,26,1,3,0
16,1,0,21,7,1,1,25,1,3,0
17,1,0,21,7,1,0,24,0,0,0
18,1,0,21,7,1,0,24,0,0,1
19,1,0,21,7,1,0,21,1,3,1
20,1,0,21,7,1,0,20,1,3,1
21,1,0,21,7,1,0,18,1,2,1
22,1,0,21,7,1,0,16,1,2,1
23,1,0,21,7,1,0,15,1,1,1
0,1,0,22,1,1,0,14,1,1,0
1,1,0,22,1,1,0,14,1,0,0
2,1,0,22,1,1,0,13,1,0,0
3,1,0,22,1,1,0,14,1,0,0
4,1,0,22,1,1,0,15,1,0,0
5,1,0,22,1,1,0,15,1,0,0
6,1,0,22,1,1,0,17,1,0,1
7,1,0,22,1,1,0,18,1,0,1
8,1,0,22,1,1,1,21,1,0,1
9,1,0,22,1,1,1,21,0,0,0
10,1,0,22,1,1,1,23,0,0,0
11,1,0,22,1,1,1,24,0,0,0
12,1,0,22,1,1,1,28,0,0,0
13,1,0,22,1,1,1,29,0,0,0
14,1,0,22,1,1,1,29,0,0,0
15,1,0,22,1,1,1,27,1,4,0
16,1,0,22,1,1,1,26,1,4,0
17,1,0,22,1,1,0,24,0,0,0
18,1,0,22,1,1,0,24,0,0,1
19,1,0,22,1,1,0,23,1,3,1
20,1,0,22,1,1,0,21,1,2,1
21,1,0,22,1,1,0,20,1,2,1
22,1,0,22,1,1,0,20,1,2,1
23,1,0,22,1,1,0,18,1,2,1
0,1,0,23,2,1,0,12,1,0,0
1,1,0,23,2,1,0,12,1,0,0
2,1,0,23,2,1,0,10,1,0,0
3,1,0,23,2,1,0,11,1,0,0
4,1,0,23,2,1,0,13,1,0,0
5,1,0,23,2,1,0,14,1,0,0
6,1,0,23,2,1,0,16,1,0,1
7,1,0,23,2,1,0,18,1,0,1
8,1,0,23,2,1,1,19,1,0,1
9,1,0,23,2,1,1,21,0,0,0
10,1,0,23,2,1,1,21,0,0,0
11,1,0,23,2,1,1,24,0,0,0
12,1,0,23,2,1,1,25,0,0,0
13,1,0,23,2,1,1,24,0,0,0
14,1,0,23,2,1,1,25,0,0,0
15,1,0,23,2,1,1,25,1,3,0
16,1,0,23,2,1,1,22,1,3,0
17,1,0,23,2,1,0,21,0,0,0
18,1,0,23,2,1,0,20,0,0,1
19,1,0,23,2,1,0,20,1,0,1
20,1,0,23,2,1,0,18,1,1,1
21,1,0,23,2,1,0,17,1,1,1
22,1,0,23,2,1,0,17,1,1,1
23,1,0,23,2,1,0,16,1,1,1
0,1,0,24,3,1,0,22,1,2,0
1,1,0,24,3,1,0,21,1,2,0
2,1,0,24,3,1,0,20,1,2,0
3,1,0,24,3,1,0,18,1,2,0
4,1,0,24,3,1,0,18,1,2,0
5,1,0,24,3,1,0,19,1,2,0
6,1,0,24,3,1,0,21,1,2,1
7,1,0,24,3,1,0,21,1,0,1
8,1,0,24,3,1,1,23,1,0,1
9,1,0,24,3,1,1,24,0,0,0
10,1,0,24,3,1,1,26,0,0,0
11,1,0,24,3,1,1,26,0,0,0
12,1,0,24,3,1,1,28,0,0,0
13,1,0,24,3,1,1,29,0,0,0
14,1,0,24,3,1,1,31,0,0,0
15,1,0,24,3,1,1,32,1,4,0
16,1,0,24,3,1,1,29,1,4,0
17,1,0,24,3,1,0,28,0,0,0
18,1,0,24,3,1,0,27,0,0,1
19,1,0,24,3,1,0,25,1,3,1
20,1,0,24,3,1,0,24,1,3,1
21,1,0,24,3,1,0,23,1,3,1
22,1,0,24,3,1,0,23,1,3,1
23,1,0,24,3,1,0,23,1,3,1
0,1,0,25,4,1,0,22,1,3,0
1,1,0,25,4,1,0,21,1,3,0
2,1,0,25,4,1,0,21,1,3,0
3,1,0,25,4,1,0,18,1,3,0
4,1,0,25,4,1,0,17,1,3,0
5,1,0,25,4,1,0,17,1,3,0
6,1,0,25,4,1,0,18,1,3,1
7,1,0,25,4,1,0,19,1,3,1
8,1,0,25,4,1,1,21,1,0,1
9,1,0,25,4,1,1,22,0,0,0
10,1,0,25,4,1,1,22,0,0,0
11,1,0,25,4,1,1,24,0,0,0
12,1,0,25,4,1,1,25,0,0,0
13,1,0,25,4,1,1,28,0,0,0
14,1,0,25,4,1,1,29,0,0,0
15,1,0,25,4,1,1,31,1,4,0
16,1,0,25,4,1,1,27,1,4,0
17,1,0,25,4,1,0,26,0,0,0
18,1,0,25,4,1,0,24,0,0,1
19,1,0,25,4,1,0,22,1,4,1
20,1,0,25,4,1,0,21,1,2,1
21,1,0,25,4,1,0,21,1,2,1
22,1,0,25,4,1,0,20,1,2,1
23,1,0,25,4,1,0,20,1,2,1
0,1,0,26,5,1,0,19,1,2,0
1,1,0,26,5,1,0,17,1,2,0
2,1,0,26,5,1,0,17,1,2,0
3,1,0,26,5,1,0,18,1,2,0
4,1,0,26,5,1,0,19,1,2,0
5,1,0,26,5,1,0,19,1,2,0
6,1,0,26,5,1,0,21,1,2,1
7,1,0,26,5,1,0,21,1,0,1
8,1,0,26,5,1,1,22,1,0,1
9,1,0,26,5,1,1,24,0,0,0
10,1,0,26,5,1,1,24,0,0,0
11,1,0,26,5,1,1,25,0,0,0
12,1,0,26,5,1,1,27,0,0,0
13,1,0,26,5,1,1,29,0,0,0
14,1,0,26,5,1,1,30,0,0,0
15,1,0,26,5,1,1,28,1,4,0
16,1,0,26,5,1,1,26,1,4,0
17,1,0,26,5,1,0,26,0,0,0
18,1,0,26,5,1,0,24,0,0,1
19,1,0,26,5,1,0,23,1,3,1
20,1,0,26,5,1,0,23,1,3,1
21,1,0,26,5,1,0,22,1,3,1
22,1,0,26,5,1,0,20,1,2,1
23,1,0,26,5,1,0,19,1,1,1
0,1,0,27,6,1,0,19,1,1,0
1,1,0,27,6,1,0,17,1,1,0
2,1,0,27,6,1,0,16,1,1,0
3,1,0,27,6,1,0,15,1,1,0
4,1,0,27,6,1,0,15,1,1,0
5,1,0,27,6,1,0,17,1,1,0
6,1,0,27,6,1,0,19,1,1,1
7,1,0,27,6,1,0,20,1,0,1
8,1,0,27,6,1,1,20,1,0,1
9,1,0,27,6,1,1,21,0,0,0
10,1,0,27,6,1,1,24,0,0,0
11,1,0,27,6,1,1,23,0,0,0
12,1,0,27,6,1,1,24,0,0,0
13,1,0,27,6,1,1,26,0,0,0
14,1,0,27,6,1,1,28,0,0,0
15,1,0,27,6,1,1,29,1,4,0
16,1,0,27,6,1,1,27,1,4,0
17,1,0,27,6,1,0,26,0,0,0
18,1,0,27,6,1,0,26,0,0,1
19,1,0,27,6,1,0,24,1,2,1
20,1,0,27,6,1,0,21,1,2,1
21,1,0,27,6,1,0,22,1,2,1
22,1,0,27,6,1,0,20,1,2,1
23,1,0,27,6,1,0,17,1,2,1
0,1,0,28,7,1,0,16,1,2,0
1,1,0,28,7,1,0,15,1,2,0
2,1,0,28,7,1,0,13,1,2,0
3,1,0,28,7,1,0,13,1,2,0
4,1,0,28,7,1,0,14,1,2,0
5,1,0,28,7,1,0,16,1,2,0
6,1,0,28,7,1,0,19,1,0,1
7,1,0,28,7,1,0,21,1,0,1
8,1,0,28,7,1,1,21,1,0,1
9,1,0,28,7,1,1,23,0,0,0
10,1,0,28,7,1,1,25,0,0,0
11,1,0,28,7,1,1,26,0,0,0
12,1,0,28,7,1,1,27,0,0,0
13,1,0,28,7,1,1,29,0,0,0
14,1,0,28,7,1,1,29,0,4,0
15,1,0,28,7,1,1,26,1,4,0
16,1,0,28,7,1,1,25,1,4,0
17,1,0,28,7,1,0,23,0,0,0
18,1,0,28,7,1,0,20,0,0,1
19,1,0,28,7,1,0,20,1,2,1
20,1,0,28,7,1,0,21,1,2,1
21,1,0,28,7,1,0,19,1,2,1
22,1,0,28,7,1,0,17,1,2,1
23,1,0,28,7,1,0,17,1,2,1
0,1,0,29,1,1,0,16,1,2,0
1,1,0,29,1,1,0,15,1,2,0
2,1,0,29,1,1,0,15,1,2,0
3,1,0,29,1,1,0,17,1,2,0
4,1,0,29,1,1,0,18,1,2,0
5,1,0,29,1,1,0,18,1,2,0
6,1,0,29,1,1,0,21,1,2,1
7,1,0,29,1,1,0,22,1,0,1
8,1,0,29,1,1,1,24,1,0,1
9,1,0,29,1,1,1,25,0,0,0
10,1,0,29,1,1,1,25,0,0,0
11,1,0,29,1,1,1,26,0,0,0
12,1,0,29,1,1,1,26,0,0,0
13,1,0,29,1,1,1,28,0,0,0
14,1,0,29,1,1,1,29,0,0,0
15,1,0,29,1,1,1,27,1,4,0
16,1,0,29,1,1,1,24,1,4,0
17,1,0,29,1,1,0,24,0,0,0
18,1,0,29,1,1,0,22,0,0,1
19,1,0,29,1,1,0,21,1,2,1
20,1,0,29,1,1,0,21,1,2,1
21,1,0,29,1,1,0,20,1,2,1
22,1,0,29,1,1,0,17,1,2,1
23,1,0,29,1,1,0,17,1,2,1
0,1,0,30,2,1,0,17,1,2,0
1,1,0,30,2,1,0,15,1,1,0
2,1,0,30,2,1,0,14,1,1,0
3,1,0,30,2,1,0,14,1,1,0
4,1,0,30,2,1,0,16,1,1,0
5,1,0,30,2,1,0,17,1,1,0
6,1,0,30,2,1,0,17,1,1,1
7,1,0,30,2,1,0,19,1,0,1
8,1,0,30,2,1,1,21,1,0,1
9,1,0,30,2,1,1,22,0,0,0
10,1,0,30,2,1,1,22,0,0,0
11,1,0,30,2,1,1,24,0,0,0
12,1,0,30,2,1,1,24,0,0,0
13,1,0,30,2,1,1,26,0,0,0
14,1,0,30,2,1,1,27,0,0,0
15,1,0,30,2,1,1,28,1,4,0
16,1,0,30,2,1,1,26,1,4,0
17,1,0,30,2,1,0,25,0,0,0
18,1,0,30,2,1,0,25,0,0,1
19,1,0,30,2,1,0,22,1,3,1
20,1,0,30,2,1,0,21,1,3,1
21,1,0,30,2,1,0,21,1,2,1
22,1,0,30,2,1,0,18,1,2,1
23,1,0,30,2,1,0,17,1,2,1
0,1,0,31,3,1,0,17,1,2,0
1,1,0,31,3,1,0,17,1,2,0
2,1,0,31,3,1,0,18,1,2,0
3,1,0,31,3,1,0,19,1,2,0
4,1,0,31,3,1,0,19,1,2,0
5,1,0,31,3,1,0,21,1,2,0
6,1,0,31,3,1,0,21,1,2,1
7,1,0,31,3,1,0,22,1,0,1
8,1,0,31,3,1,1,24,1,0,1
9,1,0,31,3,1,1,24,0,0,0
10,1,0,31,3,1,1,25,0,0,0
11,1,0,31,3,1,1,27,0,0,0
12,1,0,31,3,1,1,29,0,0,0
13,1,0,31,3,1,1,30,0,0,0
14,1,0,31,3,1,1,28,0,0,0
15,1,0,31,3,1,1,26,1,4,0
16,1,0,31,3,1,1,26,1,4,0
17,1,0,31,3,1,0,24,0,0,0
18,1,0,31,3,1,0,23,0,0,1
19,1,0,31,3,1,0,23,1,0,1
20,1,0,31,3,1,0,22,1,3,1
21,1,0,31,3,1,0,20,1,2,1
22,1,0,31,3,1,0,19,1,2,1
23,1,0,31,3,1,0,18,1,2,1
,,,,,,,,,,
,,,,,,,,,,
,,,,,,,,,,
,,,,,,,,,,
